{"loss": 0.14748483896255493, "acc": 1.0, "epoch": 499, "_timestamp": 1674318890.267746, "_runtime": 7.905119895935059, "_step": 499, "_wandb": {"runtime": 8}}