{"loss": 0.13294196128845215, "acc": 1.0, "epoch": 4999, "_timestamp": 1674316542.9905438, "_runtime": 34.24311184883118, "_step": 4999, "_wandb": {"runtime": 34}}