{"loss": 0.14748483896255493, "acc": 1.0, "epoch": 499, "_timestamp": 1674316607.328204, "_runtime": 8.08117389678955, "_step": 499, "_wandb": {"runtime": 8}}