{"loss": 0.14748483896255493, "acc": 1.0, "epoch": 499, "_timestamp": 1674924017.648313, "_runtime": 11.237478017807007, "_step": 499, "_wandb": {"runtime": 11}}