{"loss": 0.14748483896255493, "acc": 1.0, "epoch": 499, "_timestamp": 1674316802.507884, "_runtime": 8.39366602897644, "_step": 499, "_wandb": {"runtime": 9}}