{"loss": 0.14748483896255493, "acc": 1.0, "epoch": 499, "_timestamp": 1674316773.62439, "_runtime": 10.138115882873535, "_step": 499, "_wandb": {"runtime": 8}}